<?xml version="1.0" encoding="UTF-8"?>
<beans xmlns="http://www.springframework.org/schema/beans"
	xmlns:xsi="http://www.w3.org/2001/XMLSchema-instance" xmlns:context="http://www.springframework.org/schema/context"
	xmlns:tx="http://www.springframework.org/schema/tx"
	xsi:schemaLocation="http://www.springframework.org/schema/beans http://www.springframework.org/schema/beans/spring-beans.xsd
		http://www.springframework.org/schema/tx http://www.springframework.org/schema/tx/spring-tx-4.2.xsd
		http://www.springframework.org/schema/context http://www.springframework.org/schema/context/spring-context-4.2.xsd">

	<!-- 配置自动扫描的包 -->
	<context:component-scan base-package="com.jikexueyuancrm"
		use-default-filters="false">
		<context:exclude-filter type="annotation"
			expression="org.springframework.stereotype.Controller" />
		<context:exclude-filter type="annotation"
			expression="org.springframework.web.bind.annotation.ControllerAdvice" />
	</context:component-scan>

	<!-- 配置数据源 -->
	<context:property-placeholder location="classpath:db.properties" />

	<!-- 配置DataSource -->
	<bean class="com.mchange.v2.c3p0.ComboPooledDataSource" id="dataSource">
		<property name="user" value="${jdbc.user}"></property>
		<property name="password" value="${jdbc.passowrd}"></property>
		<property name="driverClass" value="${jdbc.driverClass}"></property>
		<property name="jdbcUrl" value="${jdbc.jdbcUrl}"></property>
	</bean>

	<!-- 配置SessionFactory -->
	<bean id="sessionFactory" class="org.springframework.orm.hibernate4.LocalSessionFactoryBean" >
		<!-- 配置数据源 -->
		<property name="dataSource" ref="dataSource"></property>
		<!-- 扫描的实体包(pojo) -->
		<property name="namingStrategy">
			<bean class="org.hibernate.cfg.ImprovedNamingStrategy"></bean>
		</property>
		<property name="packagesToScan" value="com.jikexueyuancrm.entity"></property>

		<!-- 配置Hibernate 的常用属性 -->
		<property name="hibernateProperties">
			<props>
				<!-- 数据库的方言 -->
				<prop key="hibernate.dialect">org.hibernate.dialect.OracleDialect</prop>
				<prop key="hibernate.show_sql">true</prop>
				<prop key="hibernate.format_sql">true</prop>
				<prop key="hibernate.hbm2ddl.auto">update</prop>
			</props>
		</property>
	</bean>
	<!-- 配置hibernaTemplate -->
<!-- 	<bean id="hibernateTemplate" class="org.springframework.orm.hibernate4.HibernateTemplate">
		<property name="sessionFactory" ref="sessionFactory" />
	</bean> -->

	<!-- important -->
	<context:component-scan base-package="com.jikexueyuancrm" />

	<!-- 配置Hibernate 的事务管理器 -->
	<bean id="transactionManager"
		class="org.springframework.orm.hibernate4.HibernateTransactionManager">
      <property name="sessionFactory" ref="sessionFactory"></property>
	</bean>
	
</beans>
